Country,Year,Employment growth %
Australia,1996,0.398463411
Australia,1997,1.828933591
Australia,1998,1.461591749
Australia,1999,3.003300455
Australia,2000,1.575063017
Australia,2001,1.444190153
Australia,2002,2.686519417
Australia,2003,1.635332665
Australia,2004,3.328081395
Australia,2005,2.348051466
Australia,2006,3.272660587
Australia,2007,2.672866075
Australia,2008,0.902615461
Australia,2009,1.581821442
Australia,2010,2.178928197
Australia,2011,1.759277649
Australia,2012,0.864657819
Australia,2013,0.536771636
Australia,2014,1.974251558
Australia,2015,1.854683907
Australia,2016,2.139046441
Australia,2017,2.570400179
Australia,2018,2.306754656
Australia,2019,-1.225490513
Australia,2020,1.797428903
Australia,2021,4.660853285
Australia,2022,3.899487656
Australia,2023,2.375439702
Austria,1996,0.389830348
Austria,1997,0.731012541
Austria,1998,1.010813806
Austria,1999,1.515729552
Austria,2000,0.950891442
Austria,2001,0.717801455
Austria,2002,-0.0919279
Austria,2003,0.654857913
Austria,2004,0.629249121
Austria,2005,1.20360077
Austria,2006,1.748407095
Austria,2007,1.825561
Austria,2008,1.898481534
Austria,2009,-0.536918036
Austria,2010,0.755551207
Austria,2011,1.554989891
Austria,2012,1.038238538
Austria,2013,0.449352273
Austria,2014,0.99849434
Austria,2015,0.603248249
Austria,2016,1.309211405
Austria,2017,1.654882383
Austria,2018,1.776512453
Austria,2019,1.138565057
Austria,2020,-1.639345343
Austria,2021,2.017662817
Austria,2022,2.588568839
Austria,2023,0.837468903
Austria,2024,0.045797347
Belgium,1996,0.263647643
Belgium,1997,0.68058778
Belgium,1998,1.753981666
Belgium,1999,1.378997962
Belgium,2000,2.010574131
Belgium,2001,1.369929679
Belgium,2002,0.228036486
Belgium,2003,-0.093401988
Belgium,2004,0.987630645
Belgium,2005,1.433725788
Belgium,2006,1.127960311
Belgium,2007,1.666126718
Belgium,2008,1.779942641
Belgium,2009,-0.131943823
Belgium,2010,0.696419374
Belgium,2011,1.231987191
Belgium,2012,0.241641404
Belgium,2013,-0.230101683
Belgium,2014,0.362422299
Belgium,2015,0.838221133
Belgium,2016,1.252306023
Belgium,2017,1.491897453
Belgium,2018,1.469967052
Belgium,2019,1.579801848
Belgium,2020,-0.106550827
Belgium,2021,1.686119259
Belgium,2022,1.926451899
Belgium,2023,0.783723876
Belgium,2024,0.272955777
Canada,1996,1.031830909
Canada,1997,1.957381398
Canada,1998,2.251117472
Canada,1999,2.627557899
Canada,2000,2.282843219
Canada,2001,0.92522866
Canada,2002,2.46233851
Canada,2003,2.172408813
Canada,2004,1.643014268
Canada,2005,1.527081798
Canada,2006,1.501221061
Canada,2007,2.001272725
Canada,2008,1.431183026
Canada,2009,-1.450844365
Canada,2010,1.694796109
Canada,2011,1.598642279
Canada,2012,1.194363638
Canada,2013,1.304521872
Canada,2014,0.260610325
Canada,2015,0.811594476
Canada,2016,0.840721458
Canada,2017,2.18608013
Canada,2018,1.821424858
Canada,2019,2.138619316
Canada,2020,-9.983977153
Canada,2021,8.474563238
Canada,2022,4.669871001
Canada,2023,3.01354641
Chile,2014,1.411698445
Chile,2015,1.7162507
Chile,2016,1.168158071
Chile,2017,2.410791989
Chile,2018,2.227709839
Chile,2019,2.189382077
Chile,2020,-12.08483228
Chile,2021,5.009705588
Chile,2022,6.544916865
Chile,2023,2.439249296
Colombia,2016,0.340364334
Colombia,2017,0.941187712
Colombia,2018,0.681560015
Colombia,2019,0.178638586
Colombia,2020,-10.61004223
Colombia,2021,7.050238858
Colombia,2022,8.042369557
Colombia,2023,3.431372549
Costa Rica,1996,-0.817925423
Costa Rica,1997,7.96432192
Costa Rica,1998,6.382921922
Costa Rica,1999,1.264362459
Costa Rica,2000,2.399440923
Costa Rica,2001,5.554422331
Costa Rica,2002,1.516822945
Costa Rica,2003,3.153963248
Costa Rica,2004,1.047305793
Costa Rica,2005,6.605873759
Costa Rica,2006,2.914648211
Costa Rica,2007,5.559251491
Costa Rica,2008,1.314507262
Costa Rica,2009,-1.818997219
Costa Rica,2010,-1.257755848
Costa Rica,2011,-2.146562979
Costa Rica,2012,8.608253472
Costa Rica,2013,1.285088366
Costa Rica,2014,1.96897788
Costa Rica,2015,-0.57238538
Costa Rica,2016,-2.675737391
Costa Rica,2017,3.021587673
Costa Rica,2018,3.464798694
Costa Rica,2019,2.493971896
Costa Rica,2020,-10.90896129
Costa Rica,2021,5.663467476
Costa Rica,2022,5.784149751
Costa Rica,2023,-2.418640008
Czechia,1996,0.518025213
Czechia,1997,-0.701599048
Czechia,1998,-1.73467936
Czechia,1999,-2.154411327
Czechia,2000,-0.823743975
Czechia,2001,-0.26651762
Czechia,2002,0.626940878
Czechia,2003,-0.793885466
Czechia,2004,-0.189580199
Czechia,2005,1.941524401
Czechia,2006,1.347589911
Czechia,2007,2.087923035
Czechia,2008,2.178144223
Czechia,2009,-1.805871894
Czechia,2010,-1.034402458
Czechia,2011,-0.50110327
Czechia,2012,0.523917511
Czechia,2013,0.368940952
Czechia,2014,0.532704449
Czechia,2015,1.393523354
Czechia,2016,1.032618924
Czechia,2017,1.330889563
Czechia,2018,1.151578513
Czechia,2019,-0.144892894
Czechia,2020,-2.319632034
Czechia,2021,0.994904762
Czechia,2022,1.01988165
Czechia,2023,1.028204704
Czechia,2024,0.302603028
Denmark,1996,0.993523016
Denmark,1997,1.381593188
Denmark,1998,1.409953205
Denmark,1999,0.834991628
Denmark,2000,0.745218335
Denmark,2001,0.991743096
Denmark,2002,0.062067089
Denmark,2003,-0.917570577
Denmark,2004,-0.525618844
Denmark,2005,1.421567967
Denmark,2006,2.255491324
Denmark,2007,2.335715794
Denmark,2008,1.251815507
Denmark,2009,-3.138153352
Denmark,2010,-2.326973653
Denmark,2011,-0.115919712
Denmark,2012,-0.698837448
Denmark,2013,0.039752034
Denmark,2014,0.648278662
Denmark,2015,1.469743737
Denmark,2016,1.636135331
Denmark,2017,1.504625521
Denmark,2018,1.548528444
Denmark,2019,1.430917971
Denmark,2020,-1.109784814
Denmark,2021,2.301667606
Denmark,2022,3.984436822
Denmark,2023,1.330624326
Denmark,2024,0.831289797
Estonia,1996,-2.351641414
Estonia,1997,0.048488767
Estonia,1998,-1.873990307
Estonia,1999,-4.461639776
Estonia,2000,0.861623298
Estonia,2001,0.563813429
Estonia,2002,-0.016989467
Estonia,2003,2.141036534
Estonia,2004,-0.399268009
Estonia,2005,2.271588442
Estonia,2006,4.883227176
Estonia,2007,0.186857677
Estonia,2008,-0.202051601
Estonia,2009,-10.20090329
Estonia,2010,-4.94276795
Estonia,2011,6.549899653
Estonia,2012,1.626712329
Estonia,2013,1.246840775
Estonia,2014,0.765518389
Estonia,2015,2.873658134
Estonia,2016,0.288970942
Estonia,2017,2.68929086
Estonia,2018,0.913623694
Estonia,2019,1.279492019
Estonia,2020,-2.711520839
Estonia,2021,0.138746402
Estonia,2022,4.59215367
Estonia,2023,3.208094778
Estonia,2024,0.196579748
Finland,1996,1.690387138
Finland,1997,3.396226415
Finland,1998,1.995749792
Finland,1999,2.060875079
Finland,2000,2.063639995
Finland,2001,1.552308896
Finland,2002,1.237422393
Finland,2003,0.236846557
Finland,2004,0.52742616
Finland,2005,1.527806925
Finland,2006,1.881020298
Finland,2007,2.211491641
Finland,2008,2.231132637
Finland,2009,-2.535823852
Finland,2010,-0.74906367
Finland,2011,1.513448414
Finland,2012,0.612963183
Finland,2013,-0.801823756
Finland,2014,-0.546794516
Finland,2015,0.3187251
Finland,2016,0.555996823
Finland,2017,0.604265403
Finland,2018,2.602755859
Finland,2019,1.473063973
Finland,2020,-2.341540666
Finland,2021,2.305019305
Finland,2022,3.513605314
Finland,2023,0.860434592
Finland,2024,-0.585598612
France,1996,0.590418354
France,1997,0.788193862
France,1998,1.759567388
France,1999,2.432244614
France,2000,2.522148615
France,2001,1.436356559
France,2002,0.495030508
France,2003,0.034366886
France,2004,0.133603084
France,2005,0.68999695
France,2006,1.09415818
France,2007,1.449329638
France,2008,0.513123408
France,2009,-1.123843103
France,2010,0.096575292
France,2011,0.77185691
France,2012,0.357195463
France,2013,0.190804682
France,2014,0.538362937
France,2015,0.251347807
France,2016,0.72308419
France,2017,1.17965368
France,2018,1.001889685
France,2019,1.179045467
France,2020,-0.059311981
France,2021,2.618257986
France,2022,2.408572887
France,2023,1.066338903
France,2024,0.571916908
Germany,1996,0.042054355
Germany,1997,-0.044663969
Germany,1998,1.195952162
Germany,1999,1.623376623
Germany,2000,2.175079872
Germany,2001,-0.2776666
Germany,2002,-0.47911702
Germany,2003,-1.078792156
Germany,2004,0.315955766
Germany,2005,-0.121920244
Germany,2006,0.727328213
Germany,2007,1.699151687
Germany,2008,1.415059209
Germany,2009,0.127291866
Germany,2010,0.479182456
Germany,2011,1.146013285
Germany,2012,1.190762569
Germany,2013,0.744086533
Germany,2014,0.89197225
Germany,2015,0.891103003
Germany,2016,1.272689339
Germany,2017,1.382593966
Germany,2018,1.327613457
Germany,2019,0.920272739
Germany,2020,-0.71758186
Germany,2021,0.193479518
Germany,2022,1.380596187
Germany,2023,0.735632184
Germany,2024,0.154310926
Greece,1996,-0.490643363
Greece,1997,-0.275571962
Greece,1998,4.318489904
Greece,1999,0.217530881
Greece,2000,0.377548919
Greece,2001,0.234418576
Greece,2002,2.455050268
Greece,2003,1.131671165
Greece,2004,2.576438583
Greece,2005,0.982431966
Greece,2006,1.953078314
Greece,2007,1.344732425
Greece,2008,1.256467233
Greece,2009,-0.639556075
Greece,2010,-2.679095401
Greece,2011,-4.277120888
Greece,2012,-3.979989954
Greece,2013,-0.581783902
Greece,2014,3.559099916
Greece,2015,-2.944901702
Greece,2016,3.399387356
Greece,2017,-0.512069097
Greece,2018,4.581382697
Greece,2019,2.185042655
Greece,2020,-2.570772962
Greece,2021,5.092343201
Greece,2022,2.426833176
Greece,2023,1.212066366
Greece,2024,1.22219418
Hungary,1996,-0.180725956
Hungary,1997,1.042496398
Hungary,1998,0.909537726
Hungary,1999,1.960229221
Hungary,2000,0.658610657
Hungary,2001,0.223803225
Hungary,2002,-0.121884033
Hungary,2003,1.956607582
Hungary,2004,-0.929540892
Hungary,2005,-0.70808422
Hungary,2006,0.893684504
Hungary,2007,-0.59532885
Hungary,2008,-1.985602522
Hungary,2009,-1.853416559
Hungary,2010,-0.80593911
Hungary,2011,-0.093055839
Hungary,2012,0.937748521
Hungary,2013,1.495784628
Hungary,2014,4.437872252
Hungary,2015,2.45264224
Hungary,2016,3.312593666
Hungary,2017,1.7548248
Hungary,2018,1.911815954
Hungary,2019,0.993132766
Hungary,2020,-0.771184905
Hungary,2021,1.416374193
Hungary,2022,1.594962122
Hungary,2023,0.198682041
Hungary,2024,0.284117081
Iceland,1996,-0.147383935
Iceland,1997,2.361623616
Iceland,1998,1.51405912
Iceland,1999,2.485795455
Iceland,2000,2.841302841
Iceland,2001,1.078167116
Iceland,2002,-1.333333333
Iceland,2003,0.743243243
Iceland,2004,0.670690812
Iceland,2005,7.661558961
Iceland,2006,5.383663366
Iceland,2007,4.580152672
Iceland,2008,0.673778776
Iceland,2009,-8.198549916
Iceland,2010,-1.27582017
Iceland,2011,1.107692308
Iceland,2012,1.886792453
Iceland,2013,2.329749104
Iceland,2014,2.451838879
Iceland,2015,2.849002849
Iceland,2016,4.542936288
Iceland,2017,4.239533651
Iceland,2018,2.999491612
Iceland,2019,-0.098716683
Iceland,2020,-4.743083004
Iceland,2021,1.400414938
Iceland,2022,7.109974425
Iceland,2023,4.250238777
Ireland,1996,1.736605694
Ireland,1997,1.986714119
Ireland,1998,3.602213926
Ireland,1999,6.568711698
Ireland,2000,4.375176703
Ireland,2001,2.815850658
Ireland,2002,1.499447292
Ireland,2003,1.918608392
Ireland,2004,3.258067306
Ireland,2005,4.668927206
Ireland,2006,4.479218775
Ireland,2007,4.245367906
Ireland,2008,-0.98850582
Ireland,2009,-8.341580665
Ireland,2010,-4.490936624
Ireland,2011,-1.932230237
Ireland,2012,-0.419226515
Ireland,2013,2.943744981
Ireland,2014,2.626536936
Ireland,2015,3.505027956
Ireland,2016,3.790271175
Ireland,2017,3.121261229
Ireland,2018,3.013228943
Ireland,2019,3.143583248
Ireland,2020,-2.491531107
Ireland,2021,6.561077428
Ireland,2022,6.923301999
Ireland,2023,3.456469505
Ireland,2024,2.68839377
Israel,1996,4.251038824
Israel,1997,1.831417297
Israel,1998,2.61359297
Israel,1999,2.912468043
Israel,2000,3.636162106
Israel,2001,-0.003003465
Israel,2002,0.150228605
Israel,2003,1.03858621
Israel,2004,2.144677494
Israel,2005,3.442120232
Israel,2006,3.168042417
Israel,2007,4.39220449
Israel,2008,3.798467923
Israel,2009,1.760396634
Israel,2010,3.086763247
Israel,2011,3.415217019
Israel,2012,4.340502542
Israel,2013,2.939321729
Israel,2014,3.079455706
Israel,2015,2.178169249
Israel,2016,2.400319799
Israel,2017,2.406684403
Israel,2018,1.843573297
Israel,2019,1.46234943
Israel,2020,-2.390923651
Israel,2021,1.361377551
Israel,2022,6.293153643
Israel,2023,2.993067403
Italy,1996,0.610968829
Italy,1997,0.350870756
Italy,1998,1.043447261
Italy,1999,1.150730289
Italy,2000,1.99355159
Italy,2001,1.907233897
Italy,2002,1.810015101
Italy,2003,1.628239152
Italy,2004,0.558029681
Italy,2005,0.510273704
Italy,2006,1.983831485
Italy,2007,1.264689153
Italy,2008,0.223486388
Italy,2009,-1.676583871
Italy,2010,-0.574859014
Italy,2011,0.243958966
Italy,2012,-0.250260604
Italy,2013,-1.824125957
Italy,2014,0.005798542
Italy,2015,0.653540633
Italy,2016,1.430675796
Italy,2017,1.176021971
Italy,2018,1.015204003
Italy,2019,0.615225847
Italy,2020,-2.047023551
Italy,2021,0.963749643
Italy,2022,1.918673762
Italy,2023,1.913472979
Italy,2024,1.644821481
Japan,1996,0.099681614
Japan,1997,0.719370996
Japan,1998,-1.145133919
Japan,1999,-1.340518593
Japan,2000,-0.727784418
Japan,2001,-0.365797897
Japan,2002,-1.16720208
Japan,2003,0.052625876
Japan,2004,0.570845129
Japan,2005,0.801415167
Japan,2006,0.698905861
Japan,2007,0.794071739
Japan,2008,-0.15335348
Japan,2009,-1.151917604
Japan,2010,-0.131005697
Japan,2011,-0.314215985
Japan,2012,-0.699268599
Japan,2013,0.408339369
Japan,2014,0.408213376
Japan,2015,0.137555787
Japan,2016,0.946304832
Japan,2017,1.049321116
Japan,2018,1.756643524
Japan,2019,0.89550922
Japan,2020,-0.510092545
Japan,2021,-0.084963012
Japan,2022,0.153943144
Japan,2023,0.352793067
Korea,2005,0.657352338
Korea,2006,1.564101441
Korea,2007,1.608583713
Korea,2008,0.907003493
Korea,2009,-0.366774905
Korea,2010,1.457302555
Korea,2011,2.054275823
Korea,2012,1.746274438
Korea,2013,1.380896661
Korea,2014,2.362901887
Korea,2015,1.083128678
Korea,2016,0.883958484
Korea,2017,1.195421275
Korea,2018,0.364081303
Korea,2019,1.120717617
Korea,2020,-0.805229568
Korea,2021,1.369669532
Korea,2022,2.993092018
Korea,2023,1.164864663
Latvia,1996,0.555262903
Latvia,1997,4.451678774
Latvia,1998,-0.370012508
Latvia,1999,-1.793956927
Latvia,2000,-3.371527026
Latvia,2001,1.624899317
Latvia,2002,1.451373553
Latvia,2003,0.625839397
Latvia,2004,0.243978541
Latvia,2005,0.888073211
Latvia,2006,5.757106743
Latvia,2007,3.817668265
Latvia,2008,-0.846369707
Latvia,2009,-14.34457305
Latvia,2010,-6.663324935
Latvia,2011,1.507874879
Latvia,2012,1.449270284
Latvia,2013,2.302353238
Latvia,2014,-1.350390263
Latvia,2015,1.41085427
Latvia,2016,-0.303937008
Latvia,2017,-0.035202607
Latvia,2018,2.01967074
Latvia,2019,2.025822012
Latvia,2020,-0.6789266
Latvia,2021,-1.268437544
Latvia,2022,0.194180769
Latvia,2023,0.14899544
Latvia,2024,-0.928017738
Lithuania,1996,0.939200742
Lithuania,1997,0.607438618
Lithuania,1998,-0.781635905
Lithuania,1999,-2.20218184
Lithuania,2000,-4.194203694
Lithuania,2001,-3.706708527
Lithuania,2002,3.590627123
Lithuania,2003,2.304455625
Lithuania,2004,-1.098455053
Lithuania,2005,0.760320403
Lithuania,2006,-0.276341062
Lithuania,2007,2.037421745
Lithuania,2008,-1.308868003
Lithuania,2009,-7.64400205
Lithuania,2010,-5.313291254
Lithuania,2011,0.548093747
Lithuania,2012,1.894430438
Lithuania,2013,1.36997635
Lithuania,2014,2.039820072
Lithuania,2015,1.40616676
Lithuania,2016,2.263985552
Lithuania,2017,-0.717022704
Lithuania,2018,1.373750403
Lithuania,2019,0.524297563
Lithuania,2020,-1.550017405
Lithuania,2021,1.295288717
Lithuania,2022,4.930568326
Lithuania,2023,1.431013283
Lithuania,2024,1.733156977
Luxembourg,1996,2.582063346
Luxembourg,1997,3.256963163
Luxembourg,1998,4.385033718
Luxembourg,1999,4.563850139
Luxembourg,2000,5.210479952
Luxembourg,2001,5.736670821
Luxembourg,2002,2.766461359
Luxembourg,2003,1.995369822
Luxembourg,2004,2.313553499
Luxembourg,2005,2.745694192
Luxembourg,2006,3.820852424
Luxembourg,2007,4.379324277
Luxembourg,2008,4.742014373
Luxembourg,2009,0.991239278
Luxembourg,2010,1.843310129
Luxembourg,2011,2.955857121
Luxembourg,2012,2.443267285
Luxembourg,2013,1.816674105
Luxembourg,2014,2.485358123
Luxembourg,2015,2.560994128
Luxembourg,2016,3.030557276
Luxembourg,2017,3.512406591
Luxembourg,2018,3.59429411
Luxembourg,2019,3.485668466
Luxembourg,2020,1.782981708
Luxembourg,2021,2.87243472
Luxembourg,2022,3.361353199
Luxembourg,2023,2.222403922
Mexico,2006,3.072661267
Mexico,2007,1.987730174
Mexico,2008,-0.240217891
Mexico,2009,1.254454725
Mexico,2010,1.614570865
Mexico,2011,2.191201968
Mexico,2012,3.266087377
Mexico,2013,1.205261332
Mexico,2014,0.435566611
Mexico,2015,2.491993551
Mexico,2016,2.114822286
Mexico,2017,1.554253241
Mexico,2018,2.868923376
Mexico,2019,2.752128145
Mexico,2020,-6.71808483
Mexico,2021,8.230751698
Mexico,2022,3.905222563
Mexico,2023,2.727225171
Netherlands,1996,2.101359703
Netherlands,1997,3.053537799
Netherlands,1998,2.336509594
Netherlands,1999,2.882653061
Netherlands,2000,1.834862385
Netherlands,2001,1.984416849
Netherlands,2002,0.704309419
Netherlands,2003,-0.568990043
Netherlands,2004,-1.132570339
Netherlands,2005,0.639093211
Netherlands,2006,2.168703571
Netherlands,2007,2.931863492
Netherlands,2008,1.617864874
Netherlands,2009,-0.885749523
Netherlands,2010,-0.690045249
Netherlands,2011,0.808748149
Netherlands,2012,-0.259887006
Netherlands,2013,-1.223518749
Netherlands,2014,-0.149099667
Netherlands,2015,0.804043189
Netherlands,2016,1.515496809
Netherlands,2017,2.323493097
Netherlands,2018,2.687582273
Netherlands,2019,2.264715308
Netherlands,2020,-0.511856262
Netherlands,2021,1.742965141
Netherlands,2022,3.91124871
Netherlands,2023,1.628761545
Netherlands,2024,0.987002834
New Zealand,1996,3.433543073
New Zealand,1997,0.127675552
New Zealand,1998,2.535253517
New Zealand,1999,3.160204842
New Zealand,2000,-0.234009346
New Zealand,2001,2.629895483
New Zealand,2002,2.998822656
New Zealand,2003,2.770306603
New Zealand,2004,3.25176653
New Zealand,2005,4.296305689
New Zealand,2006,2.241934517
New Zealand,2007,1.05181839
New Zealand,2008,2.411055591
New Zealand,2009,-1.949494839
New Zealand,2010,0.922371009
New Zealand,2011,1.224773834
New Zealand,2012,-0.421650855
New Zealand,2013,2.904220555
New Zealand,2014,3.631809643
New Zealand,2015,2.188174363
New Zealand,2016,4.764117076
New Zealand,2017,4.091916952
New Zealand,2018,1.657629744
New Zealand,2019,1.76394392
New Zealand,2020,0.763730298
New Zealand,2021,2.478172023
New Zealand,2022,2.574142557
New Zealand,2023,2.887742118
Norway,1996,2.083333333
Norway,1997,3.014842301
Norway,1998,2.656461054
Norway,1999,0.921052632
Norway,2000,0.608431117
Norway,2001,0.086393089
Norway,2002,0.086318515
Norway,2003,-1.466149202
Norway,2004,0.306345733
Norway,2005,1.178010471
Norway,2006,3.320396723
Norway,2007,3.923205342
Norway,2008,3.212851406
Norway,2009,-0.428015564
Norway,2010,-0.273544353
Norway,2011,1.44984326
Norway,2012,2.047122441
Norway,2013,1.135503407
Norway,2014,1.047904192
Norway,2015,0.37037037
Norway,2016,0.258302583
Norway,2017,1.140964299
Norway,2018,1.601164483
Norway,2019,1.575931232
Norway,2020,-1.551480959
Norway,2021,1.146131805
Norway,2022,3.718130312
Norway,2023,1.331512462
Norway,2024,0.606469003
Poland,1996,1.198358006
Poland,1997,1.423406687
Poland,1998,1.168207365
Poland,1999,-3.261605794
Poland,2000,-2.268810255
Poland,2001,-2.216772522
Poland,2002,-3.018711077
Poland,2003,-1.163711382
Poland,2004,1.133315204
Poland,2005,2.15620299
Poland,2006,3.179198976
Poland,2007,4.495342632
Poland,2008,3.800500135
Poland,2009,0.365499399
Poland,2010,-2.654312387
Poland,2011,0.566026688
Poland,2012,0.113862059
Poland,2013,-0.071729058
Poland,2014,1.727906465
Poland,2015,1.519293116
Poland,2016,0.812147777
Poland,2017,1.337291999
Poland,2018,0.543671468
Poland,2019,2.409212556
Poland,2020,0.196441434
Poland,2021,2.884998129
Poland,2022,1.123141331
Poland,2023,0.096505254
Poland,2024,-0.707403203
Portugal,1996,1.675651758
Portugal,1997,2.620658025
Portugal,1998,2.805598161
Portugal,1999,1.546026333
Portugal,2000,2.201818683
Portugal,2001,1.74996891
Portugal,2002,0.386757197
Portugal,2003,-0.965876643
Portugal,2004,-0.705993168
Portugal,2005,-0.458612878
Portugal,2006,0.394865342
Portugal,2007,0.014128022
Portugal,2008,0.366427156
Portugal,2009,-2.725129259
Portugal,2010,-1.423825795
Portugal,2011,-1.892729391
Portugal,2012,-4.055157389
Portugal,2013,-2.895717488
Portugal,2014,1.548215683
Portugal,2015,1.532794572
Portugal,2016,1.756889072
Portugal,2017,3.3125974
Portugal,2018,2.406392957
Portugal,2019,0.828537512
Portugal,2020,-1.984679945
Portugal,2021,1.403620119
Portugal,2022,3.734679769
Portugal,2023,1.048598806
Portugal,2024,1.598257245
Slovak Republic,1996,2.084288395
Slovak Republic,1997,-1.032395308
Slovak Republic,1998,-0.471227945
Slovak Republic,1999,-2.533704222
Slovak Republic,2000,-1.953333062
Slovak Republic,2001,0.576092625
Slovak Republic,2002,0.093345832
Slovak Republic,2003,1.081821455
Slovak Republic,2004,-0.230045048
Slovak Republic,2005,1.614174263
Slovak Republic,2006,2.081373578
Slovak Republic,2007,2.090661779
Slovak Republic,2008,3.22333631
Slovak Republic,2009,-1.957199799
Slovak Republic,2010,-1.51310074
Slovak Republic,2011,1.773924313
Slovak Republic,2012,0.050672165
Slovak Republic,2013,-0.777620674
Slovak Republic,2014,1.409418903
Slovak Republic,2015,1.976835561
Slovak Republic,2016,2.379783485
Slovak Republic,2017,2.206200731
Slovak Republic,2018,2.008467889
Slovak Republic,2019,1.045000996
Slovak Republic,2020,-1.886151996
Slovak Republic,2021,-0.581558687
Slovak Republic,2022,1.768424036
Slovak Republic,2023,0.278540286
Slovak Republic,2024,-0.154803213
Slovenia,1996,-1.982006593
Slovenia,1997,-1.823116552
Slovenia,1998,-0.105893777
Slovenia,1999,1.540019532
Slovenia,2000,1.593184347
Slovenia,2001,0.571635968
Slovenia,2002,1.377107129
Slovenia,2003,-0.36380558
Slovenia,2004,0.550767933
Slovenia,2005,-0.484071552
Slovenia,2006,1.571770718
Slovenia,2007,3.351022491
Slovenia,2008,2.500647982
Slovenia,2009,-1.638754403
Slovenia,2010,-2.104316547
Slovenia,2011,-1.678722788
Slovenia,2012,-0.914025831
Slovenia,2013,-1.12510388
Slovenia,2014,0.417232387
Slovenia,2015,1.309164581
Slovenia,2016,1.853209221
Slovenia,2017,2.905714298
Slovenia,2018,3.168376066
Slovenia,2019,2.431723188
Slovenia,2020,-0.694745942
Slovenia,2021,1.298292344
Slovenia,2022,2.900877726
Slovenia,2023,1.639539632
Slovenia,2024,0.142339697
Spain,1996,1.445364083
Spain,1997,3.738690036
Spain,1998,4.379456939
Spain,1999,4.551754945
Spain,2000,5.106310789
Spain,2001,3.333871344
Spain,2002,2.581858151
Spain,2003,3.280454312
Spain,2004,3.743038113
Spain,2005,4.25695413
Spain,2006,4.133620755
Spain,2007,3.246214931
Spain,2008,0.072781229
Spain,2009,-6.308123985
Spain,2010,-1.812918799
Spain,2011,-2.42581277
Spain,2012,-4.290075378
Spain,2013,-2.198858516
Spain,2014,1.037030418
Spain,2015,2.886262892
Spain,2016,2.137546468
Spain,2017,2.627717263
Spain,2018,2.183750762
Spain,2019,2.651667135
Spain,2020,-4.397789623
Spain,2021,2.583431287
Spain,2022,3.492838461
Spain,2023,3.011514615
Spain,2024,2.216905305
Sweden,1996,-0.81396184
Sweden,1997,-1.281649007
Sweden,1998,1.672371638
Sweden,1999,2.082531743
Sweden,2000,2.414605418
Sweden,2001,2.070155262
Sweden,2002,0.114929577
Sweden,2003,-0.472696169
Sweden,2004,-0.429708703
Sweden,2005,-0.040884932
Sweden,2006,1.906471551
Sweden,2007,2.303387072
Sweden,2008,0.503487358
Sweden,2009,-2.032053089
Sweden,2010,0.668526143
Sweden,2011,2.300114346
Sweden,2012,0.773827436
Sweden,2013,1.019581076
Sweden,2014,1.463260135
Sweden,2015,1.506669719
Sweden,2016,1.996842774
Sweden,2017,2.508492292
Sweden,2018,1.69022922
Sweden,2019,0.642101001
Sweden,2020,-1.277924666
Sweden,2021,1.265356027
Sweden,2022,3.491826214
Sweden,2023,1.16849688
Sweden,2024,-0.318494655
Switzerland,1996,-0.279048019
Switzerland,1997,-0.145765937
Switzerland,1998,1.327397065
Switzerland,1999,0.814109118
Switzerland,2000,0.976775982
Switzerland,2001,1.663579687
Switzerland,2002,0.714541539
Switzerland,2003,-0.356771581
Switzerland,2004,0.276536501
Switzerland,2005,0.731529596
Switzerland,2006,2.177945076
Switzerland,2007,2.58191412
Switzerland,2008,2.393693309
Switzerland,2009,0.468766413
Switzerland,2010,0.281852135
Switzerland,2011,2.585394166
Switzerland,2012,1.781063493
Switzerland,2013,1.209171551
Switzerland,2014,1.883427764
Switzerland,2015,1.531629072
Switzerland,2016,1.390308484
Switzerland,2017,0.911604233
Switzerland,2018,1.037355796
Switzerland,2019,0.73415387
Switzerland,2020,-0.500262974
Switzerland,2021,0.636013146
Switzerland,2022,1.472845031
Switzerland,2023,2.233766833
Turkey,1995,2.828440456
Turkey,1996,2.883429764
Turkey,1997,0.050705264
Turkey,1998,2.644551947
Turkey,1999,1.207415055
Turkey,2000,-2.07113713
Turkey,2001,-0.033950653
Turkey,2002,-0.304527581
Turkey,2003,-0.784651781
Turkey,2004,1.913622768
Turkey,2005,1.562554864
Turkey,2006,1.726321516
Turkey,2007,1.465992647
Turkey,2008,1.736326991
Turkey,2009,0.27399367
Turkey,2010,5.987576838
Turkey,2011,6.139422235
Turkey,2012,3.136839839
Turkey,2013,2.900895072
Turkey,2014,5.137558232
Turkey,2015,2.983718117
Turkey,2016,2.243697453
Turkey,2017,3.429305139
Turkey,2018,2.190899614
Turkey,2019,-2.196821743
Turkey,2020,-4.760065254
Turkey,2021,7.750460204
Turkey,2022,6.73170195
Turkey,2023,2.998651651
Turkey,2024,3.173801797
United Kingdom,1996,0.937110924
United Kingdom,1997,1.790499469
United Kingdom,1998,1.02079774
United Kingdom,1999,1.394172399
United Kingdom,2000,1.163967652
United Kingdom,2001,0.829955099
United Kingdom,2002,0.839041184
United Kingdom,2003,0.99903725
United Kingdom,2004,1.099742044
United Kingdom,2005,1.120425168
United Kingdom,2006,0.995735301
United Kingdom,2007,0.817749869
United Kingdom,2008,0.846928564
United Kingdom,2009,-1.59749887
United Kingdom,2010,0.249030468
United Kingdom,2011,0.50509006
United Kingdom,2012,1.088818941
United Kingdom,2013,1.170075466
United Kingdom,2014,2.365859269
United Kingdom,2015,1.731627422
United Kingdom,2016,1.47127852
United Kingdom,2017,0.99178383
United Kingdom,2018,1.19399554
United Kingdom,2019,1.466456505
United Kingdom,2020,-1.105164176
United Kingdom,2021,-0.010916936
United Kingdom,2022,1.242006135
United Kingdom,2023,1.192739007
United States,1996,1.341765795
United States,1997,2.152469145
United States,1998,1.402974214
United States,1999,1.490451097
United States,2000,2.501123149
United States,2001,0.033770433
United States,2002,-0.298085073
United States,2003,0.919982422
United States,2004,1.060078239
United States,2005,1.70305646
United States,2006,1.873871371
United States,2007,1.102414813
United States,2008,-0.439664183
United States,2009,-3.698109629
United States,2010,-0.560545213
United States,2011,0.563705034
United States,2012,1.805419776
United States,2013,0.992746114
United States,2014,1.587008421
United States,2015,1.682748961
United States,2016,1.709865833
United States,2017,1.240331276
United States,2018,1.558269504
United States,2019,1.142379493
United States,2020,-6.099423992
United States,2021,3.1911347
United States,2022,3.651365951
United States,2023,1.688744818